{
  "bias": [
    151.29494604355912,
    124.10713197724719,
    184.76646651329395
  ],
  "A": [
    [
      -0.5966418514856858,
      0.39985173246715466,
      0.5954273803455128
    ],
    [
      0.7656529950479443,
      -0.18937218821685953,
      -2.699467327550746
    ],
    [
      0.011386093385066355,
      -0.003980883932548014,
      0.9658474725916816
    ]
  ]
}