{
  "bias": [
    5.378403554232668,
    -4.074302332284765,
    2.2911794979954507
  ],
  "A": [
    [
      1.002582831472685,
      -0.008155216606007782,
      0.00307313665544385
    ],
    [
      -0.017573115294325394,
      0.997089675922079,
      -0.011115690688373054
    ],
    [
      -0.0005880002672330446,
      -0.00021306102941489794,
      0.9995342203357767
    ]
  ],
  "nonlinear_coeffs": [
    [
      0.0013020988265047297,
      0.0011097474088746218,
      -0.0011681435586324124,
      8.177385156184775e-05,
      7.011545614609143e-05,
      0.00016244709522995142
    ],
    [
      -0.0005759514857815292,
      -0.0006355713493387295,
      -0.001774305875697365,
      0.00011286756599209332,
      4.146660221542684e-05,
      8.332095532174744e-05
    ],
    [
      0.0005300503085995666,
      0.0005623765680757976,
      0.013718448852619303,
      -5.310097479656324e-06,
      -0.0003900602453176414,
      -0.0009385895045790945
    ]
  ],
  "nonlinear_intercepts": [
    -0.046375597166556176,
    2.977791072011059,
    -17.849816065799278
  ]
}