{
  "bias": [
    2.9656311963816977,
    -1.555859059959102,
    2.0549490793261085
  ],
  "A": [
    [
      0.9498864705030808,
      -0.0048040623297382155,
      0.0006313113989887685
    ],
    [
      -0.02721009072743816,
      1.0320914894993274,
      0.004182217960825884
    ],
    [
      -2.7136471594635646e-05,
      0.00013394427416501634,
      0.9995278774274564
    ]
  ]
}