{
  "bias": [
    2.3375368252261506,
    -2.533596374429719,
    1.464576608219128
  ],
  "A": [
    [
      1.0019391303413607,
      -0.00865136878492956,
      0.01062130986064604
    ],
    [
      -0.021854710045217395,
      0.9911953069364825,
      -0.01757398888037644
    ],
    [
      -0.0007788477873113931,
      -0.0004618778774296239,
      0.9994576855598198
    ]
  ],
  "nonlinear_z_model": {
    "coefficients": [
      -0.16782241874507048,
      -0.15922952925160777,
      -0.00838013053487915,
      -0.00026698707591054374,
      -0.009170263235758837,
      -0.013053282649357002,
      -5.596750708291091e-06,
      -0.0001461978626925331,
      -0.0011530296549794978,
      0.00025375308813230837,
      0.0004948852116970462,
      -4.440634099238939e-06,
      -0.00015166851917947135,
      0.004766404985074385,
      0.0045062834448923676
    ],
    "intercept": 60.55601561844168
  },
  "temperature_ref": 25.0,
  "bias_temp_coef": [
    0.01,
    -0.015,
    0.005
  ],
  "sens_temp_coef": [
    0.002,
    0.001,
    -0.001
  ]
}