{
  "bias": [
    533.7045429201135,
    -1671.225795517383,
    1504.9543743923084
  ],
  "A": [
    [
      1.002546475389773,
      -0.00897990033512063,
      0.009412569696282277
    ],
    [
      -0.020796931844542347,
      0.9919466847020925,
      -0.021305564878563315
    ],
    [
      -0.0007046270635662333,
      -0.00042836661780947693,
      0.9993843067513287
    ]
  ],
  "nonlinear_z_model": {
    "coefficients": [
      0.012311416536734229,
      -0.011832718374072534,
      -0.0002710423220254554,
      -8.652869008195898e-07,
      -9.898523282223653e-06,
      0.009898187389524495,
      -1.1270042512494724e-05,
      -0.0003215924919324651,
      -0.0007087124328777355,
      -5.565554861407674e-11,
      2.4561255304606906e-10,
      -1.411875016332213e-07,
      2.505243900445346e-10,
      -7.161411887786723e-11,
      6.883338297589772e-09,
      1.5139874964801465e-08
    ],
    "intercept": -7207730.446925395,
    "features": [
      "x",
      "y",
      "z",
      "x^2",
      "y^2",
      "z^2",
      "xy",
      "xz",
      "yz",
      "x^3",
      "y^3",
      "z^3",
      "x^2*y",
      "x*y^2",
      "x*z^2",
      "y*z^2"
    ],
    "model_type": "Ridge(alpha=0.1)"
  }
}