{
  "bias": [
    2.3375368252261506,
    -2.533596374429719,
    1.464576608219128
  ],
  "A": [
    [
      1.0019391303413607,
      -0.00865136878492956,
      0.01062130986064604
    ],
    [
      -0.021854710045217395,
      0.9911953069364825,
      -0.01757398888037644
    ],
    [
      -0.0007788477873113931,
      -0.0004618778774296239,
      0.9994576855598198
    ]
  ],
  "nonlinear_z_model": {
    "coefficients": [
      0.027220326660290613,
      -0.052408996072856706,
      0.001896484396184103,
      0.0006715730618738798,
      0.00045158377557562925,
      0.08345087872955191,
      0.00010523142621728187,
      -0.008847499472199757,
      -0.0043170391761701305,
      6.1899744811319e-05,
      -2.1747341809150808e-07,
      -0.0013357496337111164,
      2.842872406115659e-06,
      6.046077788769763e-05,
      0.00015668193810787088,
      0.00013937987044068236
    ],
    "intercept": -46.10912292236154,
    "features": [
      "x^2",
      "y^2",
      "z^2",
      "xy",
      "xz",
      "yz",
      "z^3"
    ],
    "model_type": "Ridge(alpha=0.1)"
  },
  "temperature_ref": 25.0,
  "bias_temp_coef": [
    0.01,
    -0.015,
    0.005
  ],
  "sens_temp_coef": [
    0.002,
    0.001,
    -0.001
  ]
}