{
  "bias": [
    1.9539165745351497,
    -2.5237042932867584,
    1.6726253956517185
  ],
  "A": [
    [
      1.0168906702774627,
      -0.015680873213407512,
      0.002402010417396969
    ],
    [
      -0.017719254515251578,
      0.9975488207573526,
      -0.02473748247838311
    ],
    [
      -0.0003611382671354449,
      -0.0003497486223259956,
      0.9990689912980154
    ]
  ],
  "nonlinear_coeffs": [
    [
      -0.003400259222332063,
      -0.0026870805651077064,
      0.0010348133986144517,
      0.00011304628239367584,
      -0.00020461924105729686,
      -0.00026170198398581154
    ],
    [
      -0.0042808784534046716,
      -0.004412758897855288,
      -0.0021276031885240987,
      -0.0003883444910920584,
      -0.00016764305143711412,
      -0.00017066563543052704
    ],
    [
      -0.001953231112708812,
      -0.0019194561117934338,
      0.011630723461463174,
      -2.4422956485722705e-05,
      -0.0004666367454146704,
      -0.0009651288543657846
    ]
  ],
  "nonlinear_intercepts": [
    2.509479264641527,
    8.095899491176235,
    -12.140302056939776
  ]
}