{
  "bias": [
    2.352640946605237,
    -2.5744496192216566,
    1.5594869842534504
  ],
  "A": [
    [
      1.0020911616652755,
      -0.005718620825630647,
      0.009747036074521735
    ],
    [
      -0.018356834081500892,
      0.9937123161172258,
      -0.02030123876209191
    ],
    [
      -0.0006464056972178976,
      -0.00032583908334617325,
      0.9993261120218335
    ]
  ],
  "nonlinear_z_model": {
    "coefficients": [
      0.05171648528010548,
      0.030262435335589886,
      0.006769877434604306,
      -0.0010113295027286862,
      -0.000985451323919863,
      0.20121846564895352,
      -6.793450704970979e-05,
      -0.01816048816202346,
      -0.012788779478383116,
      6.0921208182745174e-05,
      1.4300498979311363e-05,
      -0.0035786422212081745,
      1.3443365855183359e-05,
      6.25102412934395e-05,
      0.0003995825887108593,
      0.00029718611525618606
    ],
    "intercept": -92.41016574893057,
    "features": [
      "x",
      "y",
      "z",
      "x^2",
      "y^2",
      "z^2",
      "xy",
      "xz",
      "yz",
      "x^3",
      "y^3",
      "z^3",
      "x^2*y",
      "x*y^2",
      "x*z^2",
      "y*z^2"
    ],
    "model_type": "Ridge(alpha=0.1)"
  },
  "temperature_ref": 25.0,
  "bias_temp_coef": [
    0.01,
    -0.015,
    0.005
  ],
  "sens_temp_coef": [
    0.002,
    0.001,
    -0.001
  ]
}