{
  "bias": [
    2.45674772450307,
    -2.960084363196355,
    1.6808904498544306
  ],
  "A": [
    [
      1.0060578340719724,
      -0.009923604654060716,
      0.0035203411420911598
    ],
    [
      -0.023551061517247604,
      0.9956790187821484,
      -0.015982666953079268
    ],
    [
      -0.0007303378841697313,
      -0.00032074271083447234,
      0.9994465353045732
    ]
  ],
  "nonlinear_z_model": {
    "coefficients": [
      -0.003069960358828595,
      0.00845478299198031,
      -0.003013237776668579,
      -0.0017863932237269444,
      -0.0009956069118850941,
      -0.14742204255409413,
      0.0006522833618119884,
      0.004110180656578758,
      0.008382655324928849,
      4.6170067362986005e-05,
      0.00022762467472072471,
      0.0022408941616424848,
      0.00023034118377581023,
      2.5391347765910193e-05,
      -0.00010071455975916466,
      -0.00022911386306685204
    ],
    "intercept": 93.94542493448633,
    "features": [
      "x",
      "y",
      "z",
      "x^2",
      "y^2",
      "z^2",
      "xy",
      "xz",
      "yz",
      "x^3",
      "y^3",
      "z^3",
      "x^2*y",
      "x*y^2",
      "x*z^2",
      "y*z^2"
    ],
    "model_type": "Ridge(alpha=0.1)"
  }
}