{
  "bias": [
    2.3375368252261506,
    -2.533596374429719,
    1.464576608219128
  ],
  "A": [
    [
      1.0019391303413607,
      -0.00865136878492956,
      0.01062130986064604
    ],
    [
      -0.021854710045217395,
      0.9911953069364825,
      -0.01757398888037644
    ],
    [
      -0.0007788477873113931,
      -0.0004618778774296239,
      0.9994576855598198
    ]
  ],
  "nonlinear_z_model": {
    "coefficients": [
      1.0678729916961357e-06,
      -4.7834507093268326e-05,
      -0.006593912933605085,
      2.4456358841633414e-05,
      -0.00039373164897035866,
      -0.0009142455191593863,
      0.00036774294765120415
    ],
    "intercept": -8.004512115744177,
    "features": [
      "x^2",
      "y^2",
      "z^2",
      "xy",
      "xz",
      "yz",
      "z^3"
    ],
    "model_type": "Ridge(alpha=0.1)"
  },
  "temperature_ref": 25.0,
  "bias_temp_coef": [
    0.01,
    -0.015,
    0.005
  ],
  "sens_temp_coef": [
    0.002,
    0.001,
    -0.001
  ]
}