{
  "bias": [
    435.7318703378079,
    -1422.804587600224,
    905.844796297823
  ],
  "A": [
    [
      1.00255221154075,
      -0.008975455044934157,
      0.00940641905742848
    ],
    [
      -0.02079678162750904,
      0.9919518412287862,
      -0.021301884180377414
    ],
    [
      -0.0007045397060211732,
      -0.00042810170040549344,
      0.9993843254500161
    ]
  ],
  "nonlinear_z_model": {
    "coefficients": [
      0.008408173383997087,
      -0.004752113974512568,
      -4.258807876183665e-05,
      3.1915780847808816e-06,
      8.157661887965072e-06,
      -0.004330759693335841,
      4.951856555379289e-06,
      0.00012900736704860545,
      0.000318483091370865,
      3.2975741517767025e-11,
      3.90764316287392e-11,
      6.197767935397101e-08,
      3.631360885649889e-11,
      4.0084151785064315e-11,
      -2.776089770441919e-09,
      -6.834887462451542e-09
    ],
    "intercept": 3132055.0720130536,
    "features": [
      "x",
      "y",
      "z",
      "x^2",
      "y^2",
      "z^2",
      "xy",
      "xz",
      "yz",
      "x^3",
      "y^3",
      "z^3",
      "x^2*y",
      "x*y^2",
      "x*z^2",
      "y*z^2"
    ],
    "model_type": "Ridge(alpha=0.1)"
  }
}