{
  "bias": [
    1.868189210936835,
    -2.490969418335565,
    1.5965699004556462
  ],
  "A": [
    [
      1.016207896791277,
      -0.013206506873837816,
      0.0003726879610066225
    ],
    [
      -0.01790984478853298,
      0.9967413672605809,
      -0.02261127540897102
    ],
    [
      -0.00037187951888023883,
      -0.0002763264612104973,
      0.9992161001067971
    ]
  ],
  "nonlinear_coeffs": [
    [
      -0.0012401648664358592,
      -0.0005039719084518296,
      -0.0035038153519689154,
      -0.0001655462220555148,
      4.75817792486924e-05,
      0.00021134444846629166
    ],
    [
      0.0009217919351021039,
      0.0008940748343197653,
      0.000771291656127947,
      -0.00035639180340023616,
      4.336828412185768e-06,
      2.163974087222752e-06
    ],
    [
      5.059133329495069e-05,
      7.747153537780257e-05,
      0.014053765477819695,
      5.392000690148971e-07,
      -0.0004381353276427003,
      -0.001001958305062304
    ]
  ],
  "nonlinear_intercepts": [
    5.496309661174863,
    -2.10409067957287,
    -17.756315932522384
  ]
}