{
  "bias": [
    2.3165213811653382,
    -2.4359113978665765,
    1.3796184426052855
  ],
  "A": [
    [
      1.0031798430737828,
      -0.008887678644142197,
      0.008847449070565094
    ],
    [
      -0.02077698372325341,
      0.9914462695307072,
      -0.020650427468828676
    ],
    [
      -0.002301432735958183,
      0.004294914912501329,
      0.9962537421354379
    ]
  ],
  "nonlinear_z_model": {
    "coefficients": [
      -0.01952832930593857,
      -0.024108988886999222,
      0.02620197277026659,
      0.00532192317037457,
      0.005302929313876278,
      0.004870442204413374,
      -1.2339459830967816e-05,
      1.3884428058157455e-05,
      0.000366233531803244,
      8.607597987643742e-06,
      5.241400010043571e-06,
      4.323886881268717e-06,
      5.109578596668841e-06,
      8.472516127339692e-06,
      6.830067597004165e-06,
      3.5396024402709814e-06
    ],
    "intercept": -13.87355825379825,
    "features": [
      "x",
      "y",
      "z",
      "x^2",
      "y^2",
      "z^2",
      "xy",
      "xz",
      "yz",
      "x^3",
      "y^3",
      "z^3",
      "x^2*y",
      "x*y^2",
      "x*z^2",
      "y*z^2"
    ],
    "model_type": "Ridge(alpha=0.1)"
  },
  "temperature_ref": 25.0,
  "bias_temp_coef": [
    0.01,
    -0.015,
    0.005
  ],
  "sens_temp_coef": [
    0.002,
    0.001,
    -0.001
  ]
}