{
  "bias": [
    5.006685845000679,
    -2.577221733946413,
    3.8312564163889484
  ],
  "A": [
    [
      0.9101698339060527,
      -0.017727258710452335,
      0.0028134140251138023
    ],
    [
      -0.04403067844662638,
      1.0512062468357564,
      0.0016873429385045509
    ],
    [
      -6.591798886643119e-05,
      1.110856918149797e-05,
      0.9999341951087284
    ]
  ]
}