{
  "bias": [
    2.9960884265433467,
    -2.1390955981412088,
    1.6739205061808144
  ],
  "A": [
    [
      0.9101901874301896,
      -0.021184841622368045,
      0.0029133980454258807
    ],
    [
      -0.051450116062823806,
      1.1138348101089672,
      -0.045519847553313085
    ],
    [
      -0.0017187739593384154,
      -0.0008364782223744855,
      0.9895254028070045
    ]
  ]
}
