{
  "bias": [
    2.346914801858641,
    -2.5178978468236175,
    1.501221538622273
  ],
  "A": [
    [
      1.0012860807081787,
      -0.008955088926964607,
      0.010555957585357307
    ],
    [
      -0.020420811011459688,
      0.9911637476651927,
      -0.021812962668299126
    ],
    [
      -0.0007186689322463323,
      -0.00042776082578301576,
      0.9992868218306724
    ]
  ],
  "nonlinear_z_model": {
    "coefficients": [
      0.046445712871633744,
      -0.0037010574968169233,
      0.002736873244649083,
      -0.0007212374242471124,
      -0.0005789768682239474,
      0.07738616276760628,
      1.4014429259547844e-05,
      -0.009865206309183958,
      -0.004861967841125768,
      3.699414668399835e-05,
      4.251837342171489e-05,
      -0.0012444564424934812,
      4.749642862362362e-05,
      3.801385149484811e-05,
      0.0001936630308028898,
      7.217215516395846e-05
    ],
    "intercept": -40.96027492839259,
    "features": [
      "x",
      "y",
      "z",
      "x^2",
      "y^2",
      "z^2",
      "xy",
      "xz",
      "yz",
      "x^3",
      "y^3",
      "z^3",
      "x^2*y",
      "x*y^2",
      "x*z^2",
      "y*z^2"
    ],
    "model_type": "Ridge(alpha=0.1)"
  }
}