{
  "bias": [
    5.0628088593137255,
    -2.775538974541109,
    3.464541252897893
  ],
  "A": [
    [
      0.9088490158061944,
      -0.017603972739182,
      -0.00026114662744983875
    ],
    [
      -0.04515457810391431,
      1.0508379745525598,
      2.3103771551830562e-05
    ],
    [
      3.06781196416183e-05,
      -2.687680024232626e-06,
      0.9999077764256659
    ]
  ]
}