{
  "bias": [
    4.944063992931097,
    -2.63578276536317,
    3.77113457628109
  ],
  "A": [
    [
      0.9088454102270936,
      -0.019025973742466618,
      0.0030174810775442317
    ],
    [
      -0.04749300366970626,
      1.0532640174741883,
      -0.0017469730960755407
    ],
    [
      4.229727881743648e-06,
      2.946087359880737e-07,
      0.9999372592726352
    ]
  ]
}