{
  "bias": [
    2.3375368252261506,
    -2.533596374429719,
    1.464576608219128
  ],
  "A": [
    [
      1.0019391303413607,
      -0.00865136878492956,
      0.01062130986064604
    ],
    [
      -0.021854710045217395,
      0.9911953069364825,
      -0.01757398888037644
    ],
    [
      -0.0007788477873113931,
      -0.0004618778774296239,
      0.9994576855598198
    ]
  ],
  "nonlinear_coeffs": [
    [
      0.0004434046262435156,
      0.0003552134238623196,
      -0.00021447495855299602,
      -1.3505941334406306e-06,
      1.9179280995388884e-05,
      4.0301084788862915e-05
    ],
    [
      0.0019276896669562214,
      0.002074736851608549,
      0.001511232120362886,
      3.7950367671434753e-06,
      1.0788166644914694e-05,
      3.904200011670755e-05
    ],
    [
      0.00016062280280428596,
      0.0001296519401937172,
      0.013002900658405208,
      4.876159943159203e-05,
      -0.00038826115432779044,
      -0.0009074861967874069
    ]
  ],
  "nonlinear_intercepts": [
    -0.23077659465761508,
    -4.390139833205605,
    -16.439666318148078
  ],
  "temperature_ref": 25.0,
  "bias_temp_coef": [
    0.01,
    -0.015,
    0.005
  ],
  "sens_temp_coef": [
    0.002,
    0.001,
    -0.001
  ]
}