{
  "bias": [
    533.7458997948437,
    -1671.2640091290887,
    1505.0059316299448
  ],
  "A": [
    [
      1.0025513321380972,
      -0.008963809981406301,
      0.009403932077366433
    ],
    [
      -0.020799198337781995,
      0.9919499157853933,
      -0.021298489630833334
    ],
    [
      -0.0007046237508877433,
      -0.0004279823179506046,
      0.9993844244556256
    ]
  ],
  "nonlinear_z_model": {
    "coefficients": [
      -0.01746749069376906,
      -0.03583549564976362,
      0.07224276668442614,
      -0.005542227915326965,
      0.021926015477381867,
      0.07238999572680739,
      0.07032813816762053,
      -0.01709671917153524,
      -0.03579812940129996,
      -0.04642041264570532,
      0.001970403040709451,
      0.07254361189198712,
      -0.11480645549608175,
      0.034683164951621846,
      -0.016725969806559216,
      -0.035730206782774054
    ],
    "intercept": -3.2543761736275294e-06,
    "features": [
      "x",
      "y",
      "z",
      "x^2",
      "y^2",
      "z^2",
      "xy",
      "xz",
      "yz",
      "x^3",
      "y^3",
      "z^3",
      "x^2*y",
      "x*y^2",
      "x*z^2",
      "y*z^2"
    ],
    "model_type": "Ridge(alpha=0.1)"
  }
}